group,run,step_rel_touchdown,t_ms,mn9_hz,sugar_grn_drive_hz
n1_seeds,seed 3,-6,-150,0.0,0.0
n1_seeds,seed 3,-5,-125,0.0,0.0
n1_seeds,seed 3,-4,-100,0.0,0.0
n1_seeds,seed 3,-3,-75,0.0,0.0
n1_seeds,seed 3,-2,-50,0.0,0.0
n1_seeds,seed 3,-1,-25,0.0,100.0
n1_seeds,seed 3,0,0,15.738773611494663,100.0
n1_seeds,seed 3,1,25,25.284822353142307,100.0
n1_seeds,seed 3,2,50,38.94418039981014,100.0
n1_seeds,seed 3,3,75,23.620839429864652,100.0
n1_seeds,seed 3,4,100,22.196150128109323,100.0
n1_seeds,seed 3,5,125,52.80957960901946,100.0
n1_seeds,seed 3,6,150,55.6387895766474,100.0
n1_seeds,seed 3,7,175,57.35479216477833,100.0
n1_seeds,seed 3,8,200,74.13437395812065,100.0
n1_seeds,seed 10,-6,-150,0.0,0.0
n1_seeds,seed 10,-5,-125,0.0,0.0
n1_seeds,seed 10,-4,-100,0.0,0.0
n1_seeds,seed 10,-3,-75,0.0,0.0
n1_seeds,seed 10,-2,-50,0.0,0.0
n1_seeds,seed 10,-1,-25,0.0,100.0
n1_seeds,seed 10,0,0,47.21632083448399,100.0
n1_seeds,seed 10,1,25,67.9850802536796,100.0
n1_seeds,seed 10,2,50,49.104422382627945,100.0
n1_seeds,seed 10,3,75,76.99965853702712,100.0
n1_seeds,seed 10,4,100,46.702653690110566,100.0
n1_seeds,seed 10,5,125,36.19597815874074,100.0
n1_seeds,seed 10,6,150,29.82335731731243,100.0
n1_seeds,seed 10,7,175,18.0887805885151,100.0
n1_seeds,seed 10,8,200,42.44894724673847,100.0
n1_seeds,seed 11,-6,-150,0.0,0.0
n1_seeds,seed 11,-5,-125,0.0,0.0
n1_seeds,seed 11,-4,-100,0.0,0.0
n1_seeds,seed 11,-3,-75,0.0,0.0
n1_seeds,seed 11,-2,-50,0.0,0.0
n1_seeds,seed 11,-1,-25,0.0,100.0
n1_seeds,seed 11,0,0,15.738773611494663,100.0
n1_seeds,seed 11,1,25,33.154209158889635,100.0
n1_seeds,seed 11,2,50,35.84781796488663,100.0
n1_seeds,seed 11,3,75,68.95912151398507,100.0
n1_seeds,seed 11,4,100,49.695208270828346,100.0
n1_seeds,seed 11,5,125,61.61921468005156,100.0
n1_seeds,seed 11,6,150,76.72087695960272,100.0
n1_seeds,seed 11,7,175,78.01111133902893,100.0
n1_seeds,seed 11,8,200,63.05490443687158,100.0
n1_seeds,seed 12,-6,-150,0.0,0.0
n1_seeds,seed 12,-5,-125,0.0,0.0
n1_seeds,seed 12,-4,-100,0.0,0.0
n1_seeds,seed 12,-3,-75,0.0,0.0
n1_seeds,seed 12,-2,-50,0.0,0.0
n1_seeds,seed 12,-1,-25,0.0,100.0
n1_seeds,seed 12,0,0,31.477547222989326,100.0
n1_seeds,seed 12,1,25,34.83087109478995,100.0
n1_seeds,seed 12,2,50,44.73415164073064,100.0
n1_seeds,seed 12,3,75,27.132634506337336,100.0
n1_seeds,seed 12,4,100,47.93432192985988,100.0
n1_seeds,seed 12,5,125,36.943022708742994,100.0
n1_seeds,seed 12,6,150,46.01523635255468,100.0
n1_seeds,seed 12,7,175,43.6484252732424,100.0
n1_seeds,seed 12,8,200,73.69042901088127,100.0
n1_seeds,seed 13,-6,-150,0.0,0.0
n1_seeds,seed 13,-5,-125,0.0,0.0
n1_seeds,seed 13,-4,-100,0.0,0.0
n1_seeds,seed 13,-3,-75,0.0,0.0
n1_seeds,seed 13,-2,-50,0.0,0.0
n1_seeds,seed 13,-1,-25,0.0,100.0
n1_seeds,seed 13,0,0,31.477547222989326,100.0
n1_seeds,seed 13,1,25,42.70025790053728,100.0
n1_seeds,seed 13,2,50,33.7684024000598,100.0
n1_seeds,seed 13,3,75,51.95911860813926,100.0
n1_seeds,seed 13,4,100,39.384185293229,100.0
n1_seeds,seed 13,5,125,78.9734235283781,100.0
n1_seeds,seed 13,6,150,63.63857628392704,100.0
n1_seeds,seed 13,7,175,70.07629487965234,100.0
n1_seeds,seed 13,8,200,50.372808169319896,100.0
n1_seeds,seed 14,-6,-150,0.0,0.0
n1_seeds,seed 14,-5,-125,0.0,0.0
n1_seeds,seed 14,-4,-100,0.0,0.0
n1_seeds,seed 14,-3,-75,0.0,0.0
n1_seeds,seed 14,-2,-50,0.0,0.0
n1_seeds,seed 14,-1,-25,0.0,100.0
n1_seeds,seed 14,0,0,15.738773611494663,100.0
n1_seeds,seed 14,1,25,25.284822353142307,100.0
n1_seeds,seed 14,2,50,15.336019982568143,100.0
n1_seeds,seed 14,3,75,32.90992673463518,100.0
n1_seeds,seed 14,4,100,27.83026637920004,100.0
n1_seeds,seed 14,5,125,16.87990982695452,100.0
n1_seeds,seed 14,6,150,41.715730066221816,100.0
n1_seeds,seed 14,7,175,48.91002969470165,100.0
n1_seeds,seed 14,8,200,29.66543257729188,100.0
n1_starts,st_xp40,-6,-150,0.0,0.0
n1_starts,st_xp40,-5,-125,0.0,0.0
n1_starts,st_xp40,-4,-100,0.0,0.0
n1_starts,st_xp40,-3,-75,0.0,0.0
n1_starts,st_xp40,-2,-50,0.0,0.0
n1_starts,st_xp40,-1,-25,0.0,100.0
n1_starts,st_xp40,0,0,0.0,100.0
n1_starts,st_xp40,1,25,39.346934028736655,100.0
n1_starts,st_xp40,2,50,39.603895465613775,100.0
n1_starts,st_xp40,3,75,47.62913726119089,100.0
n1_starts,st_xp40,4,100,44.627305656068344,100.0
n1_starts,st_xp40,5,125,50.675989558014464,100.0
n1_starts,st_xp40,6,150,38.605928183960366,100.0
n1_starts,st_xp40,7,175,23.41567909023603,100.0
n1_starts,st_xp40,8,200,45.6798745092095,100.0
n1_starts,st_xm40,-6,-150,0.0,0.0
n1_starts,st_xm40,-5,-125,0.0,0.0
n1_starts,st_xm40,-4,-100,0.0,0.0
n1_starts,st_xm40,-3,-75,0.0,0.0
n1_starts,st_xm40,-2,-50,0.0,0.0
n1_starts,st_xm40,-1,-25,0.0,100.0
n1_starts,st_xm40,0,0,23.608160417241994,100.0
n1_starts,st_xm40,1,25,37.92723352971346,100.0
n1_starts,st_xm40,2,50,23.004029973852212,100.0
n1_starts,st_xm40,3,75,21.822036281837107,100.0
n1_starts,st_xm40,4,100,13.235734062295684,100.0
n1_starts,st_xm40,5,125,31.636038929827166,100.0
n1_starts,st_xm40,6,150,42.796387980044614,100.0
n1_starts,st_xm40,7,175,57.4348686578436,100.0
n1_starts,st_xm40,8,200,66.31355600053965,100.0
n1_starts,st_yp40,-6,-150,0.0,0.0
n1_starts,st_yp40,-5,-125,0.0,0.0
n1_starts,st_yp40,-4,-100,0.0,0.0
n1_starts,st_yp40,-3,-75,0.0,0.0
n1_starts,st_yp40,-2,-50,0.0,0.0
n1_starts,st_yp40,-1,-25,0.0,100.0
n1_starts,st_yp40,0,0,0.0,100.0
n1_starts,st_yp40,1,25,15.738773611494663,100.0
n1_starts,st_yp40,2,50,56.76236957613163,100.0
n1_starts,st_yp40,3,75,58.03627788310543,100.0
n1_starts,st_yp40,4,100,43.07016871745298,100.0
n1_starts,st_yp40,5,125,49.73153826337318,100.0
n1_starts,st_yp40,6,150,45.90247632290247,100.0
n1_starts,st_yp40,7,175,43.580032858068236,100.0
n1_starts,st_yp40,8,200,42.17139969119703,100.0
n1_starts,st_ym40,-6,-150,0.0,0.0
n1_starts,st_ym40,-5,-125,0.0,0.0
n1_starts,st_ym40,-4,-100,0.0,0.0
n1_starts,st_ym40,-3,-75,0.0,0.0
n1_starts,st_ym40,-2,-50,0.0,0.0
n1_starts,st_ym40,-1,-25,0.0,100.0
n1_starts,st_ym40,0,0,15.738773611494663,100.0
n1_starts,st_ym40,1,25,33.154209158889635,100.0
n1_starts,st_ym40,2,50,20.109044353391965,100.0
n1_starts,st_ym40,3,75,35.804912355095425,100.0
n1_starts,st_ym40,4,100,61.06371114042571,100.0
n1_starts,st_ym40,5,125,52.77578661399875,100.0
n1_starts,st_ym40,6,150,55.61829308908383,100.0
n1_starts,st_ym40,7,175,73.08113402814928,100.0
n1_starts,st_ym40,8,200,52.19533524038809,100.0
n1_starts,st_yawp30,-6,-150,0.0,0.0
n1_starts,st_yawp30,-5,-125,0.0,0.0
n1_starts,st_yawp30,-4,-100,0.0,0.0
n1_starts,st_yawp30,-3,-75,0.0,0.0
n1_starts,st_yawp30,-2,-50,0.0,0.0
n1_starts,st_yawp30,-1,-25,0.0,100.0
n1_starts,st_yawp30,0,0,31.477547222989326,100.0
n1_starts,st_yawp30,1,25,42.70025790053728,100.0
n1_starts,st_yawp30,2,50,57.37656281730179,100.0
n1_starts,st_yawp30,3,75,34.800644497621406,100.0
n1_starts,st_yawp30,4,100,36.8464314770618,100.0
n1_starts,st_yawp30,5,125,45.95665080908063,100.0
n1_starts,st_yawp30,6,150,59.35166495640413,100.0
n1_starts,st_yawp30,7,175,67.4761517240403,100.0
n1_starts,st_yawp30,8,200,56.66512843154658,100.0
n1_starts,st_yawm30,-6,-150,0.0,0.0
n1_starts,st_yawm30,-5,-125,0.0,0.0
n1_starts,st_yawm30,-4,-100,0.0,0.0
n1_starts,st_yawm30,-3,-75,0.0,0.0
n1_starts,st_yawm30,-2,-50,0.0,0.0
n1_starts,st_yawm30,-1,-25,0.0,100.0
n1_starts,st_yawm30,0,0,15.738773611494663,100.0
n1_starts,st_yawm30,1,25,48.8929827703843,100.0
n1_starts,st_yawm30,2,50,45.39386670653427,100.0
n1_starts,st_yawm30,3,75,74.74909275490558,100.0
n1_starts,st_yawm30,4,100,84.68455057029036,100.0
n1_starts,st_yawm30,5,125,90.71071035360274,100.0
n1_starts,st_yawm30,6,150,78.62698741101427,100.0
n1_starts,st_yawm30,7,175,63.42845215711407,100.0
n1_starts,st_yawm30,8,200,77.81823496014226,100.0
n1_starts,st_yawp60,-6,-150,0.0,0.0
n1_starts,st_yawp60,-5,-125,0.0,0.0
n1_starts,st_yawp60,-4,-100,0.0,0.0
n1_starts,st_yawp60,-3,-75,0.0,0.0
n1_starts,st_yawp60,-2,-50,0.0,0.0
n1_starts,st_yawp60,-1,-25,0.0,100.0
n1_starts,st_yawp60,0,0,23.608160417241994,100.0
n1_starts,st_yawp60,1,25,45.79662033546079,100.0
n1_starts,st_yawp60,2,50,51.38521476191803,100.0
n1_starts,st_yawp60,3,75,46.90548182051616,100.0
n1_starts,st_yawp60,4,100,44.188386444231256,100.0
n1_starts,st_yawp60,5,125,58.2791584046457,100.0
n1_starts,st_yawp60,6,150,43.21748320041415,100.0
n1_starts,st_yawp60,7,175,26.21272859666685,100.0
n1_starts,st_yawp60,8,200,23.768210374351888,100.0
n1_starts,st_yawm60,-6,-150,0.0,0.0
n1_starts,st_yawm60,-5,-125,0.0,0.0
n1_starts,st_yawm60,-4,-100,0.0,0.0
n1_starts,st_yawm60,-3,-75,0.0,0.0
n1_starts,st_yawm60,-2,-50,0.0,0.0
n1_starts,st_yawm60,-1,-25,0.0,100.0
n1_starts,st_yawm60,0,0,0.0,100.0
n1_starts,st_yawm60,1,25,31.477547222989326,100.0
n1_starts,st_yawm60,2,50,58.439031512031946,100.0
n1_starts,st_yawm60,3,75,51.18383794745477,100.0
n1_starts,st_yawm60,4,100,54.65272741413626,100.0
n1_starts,st_yawm60,5,125,64.62610203658012,100.0
n1_starts,st_yawm60,6,150,62.805872720144905,100.0
n1_starts,st_yawm60,7,175,61.70184783201917,100.0
n1_starts,st_yawm60,8,200,84.64038330552711,100.0
